ticker,company,service,bureau,writer,earnings date,preview (fool.com link); editor adds this link,Premium CMS?,summary (fool.com link); editor adds this link,Premium CMS?,
BBBY,Bed Bath & Beyond,SA,TechCon,Andres Cardenal,6/24/2015,no,,http://www.fool.com/investing/general/2015/06/24/bed-bath-beyond-earnings-putting-sal.aspx?source=itxsitmot0000001&lidx=1,Chris S.,
APOG,Apogee Enterprises,HG,,Dan Caplinger,6/24/2015,no,,http://www.fool.com/investing/general/2015/06/25/apogee-enterprises-doubles-earnings-as-2016-looks.aspx,Chris S.,
WGO,Winnebago Industries,HG,,Dan Caplinger,6/25/2015,no,,http://www.fool.com/investing/general/2015/06/25/winnebago-drives-higher-sales-earnings-get-boost.aspx,Chris S.,
NKE,Nike,SA,,Joe Tenebruso,6/25/2015,no,,http://www.fool.com/investing/general/2015/06/26/nike-inc-results-top-expectations.aspx,Chris S.,
AVAV,AeroVironment,"RB, HG",,Dan Caplinger,6/30/2015,http://www.fool.com/investing/general/2015/06/26/aerovironment-is-looking-for-an-updraft.aspx ,Chris S.,http://www.fool.com/investing/general/2015/06/30/aerovironment-flies-higher-despite-another-earning.aspx,Chris S.,
CAMP,CalAmp,RB,,Steve Symington,6/30/2015,no,,http://www.fool.com/investing/general/2015/06/30/calamp-corp-communicates-another-solid-quarter.aspx,Chris S.,
GBX,The Greenbrier Companies,HG,,Dan Caplinger,7/1/2015,no,,http://www.fool.com/investing/general/2015/07/01/greenbrier-keeps-growing-but-some-investors-feel-l.aspx,Chris S.,
TCS,The Container Store,SA,,Dan Caplinger,7/7/2015,http://www.fool.com/investing/general/2015/07/01/container-store-needs-to-clean-up-its-act.aspx,Jake F.,http://www.fool.com/investing/general/2015/07/07/container-stores-results-finally-look-more-organiz.aspx,AR,
MSM,MSC Industrial Direct,SA,Industrials,Lee Samaha,7/7/2015,submitted,,http://www.fool.com/investing/general/2015/07/07/what-you-need-to-know-msc-industrial-earnings.aspx,Lauren A.,
PEP,PepsiCo,II,TechCon,Asit Sharma,7/9/2015,no,,https://cms.fool.com/dashboard/edit/172094/,AR,
PSMT,PriceSmart,RB,e ,Demitri Kalogeropoulos,7/9/2015,no,,http://www.fool.com/investing/general/2015/07/09/pricesmart-inc-earnings-flat-despite-sales-jump.aspx,"Barb B,",
SSW,Seaspan,"HG, Options",Industrials,Matt DiLallo,7/13/2015,no,Date still TBD,http://www.fool.com/investing/general/2015/07/28/seaspan-corporations-expanding-fleet-delivers-stro.aspx,AR,
JNJ,Johnson & Johnson,"IV, II",,Dan Caplinger,7/14/2015,no,,http://www.fool.com/investing/general/2015/07/14/johnson-johnson-sees-better-times-ahead-despite-do.aspx,AR,
WFC,Wells Fargo,IV,,Lee Samaha,7/14/2015,no,,,,
BLX,Bladex,II,,Dan Caplinger,7/15/2015,http://www.fool.com/investing/international/2015/07/14/can-bladex-grow-even-as-latin-america-stumbles.aspx,Lauren A.,https://cms.fool.com/dashboard/view/172519/,AR,
INTC,Intel,"II, Options",,Joe Tenebruso,7/15/2015,http://www.fool.com/investing/general/2015/07/09/intel-corp-earnings-3-things-to-watch-for.aspx,AR,http://www.fool.com/investing/general/2015/07/15/intel-earnings-shares-rise-as-results-top-expectat.aspx,AR,
BAC,Bank of America,IV,,John Maxfield,7/15/2015,no,,http://www.fool.com/investing/general/2015/07/15/bank-of-america-second-quarter-earnings.aspx,"AR
",
KMI,Kinder Morgan,"i, Options",Energy,Matt DiLallo,7/15/2015,http://www.fool.com/investing/general/2015/07/14/heres-what-to-expect-when-kinder-morgan-inc-report.aspx ,AR,http://www.fool.com/investing/general/2015/07/15/kinder-morgan-inc-earnings-solid-but-certainly-uns.aspx,AR,
NFLX,Netflix,SA,,Tim Beyers,7/15/2015,,,http://www.fool.com/investing/high-growth/2015/07/15/netflix-nearly-doubles-subscriber-additions-in-q2.aspx,AR,
UNH,UnitedHealth,"SA, IV",,Dan Caplinger,7/16/2015,no,,http://www.fool.com/investing/general/2015/07/16/unitedhealth-keeps-optum-izing-its-growth-opportun.aspx,RSE,
SHW,Sherwin-Williams,SA,,Dan Caplinger,7/16/2015,no,,http://www.fool.com/investing/general/2015/07/16/sherwin-williams-record-results-still-look-ugly-to.aspx,RSE,
CTAS,Cintas,SA,,Dan Caplinger,7/16/2015,no,,http://www.fool.com/investing/general/2015/07/16/cintas-posts-solid-earnings-as-it-moves-out-of-doc.aspx,BB,
"GOOGL, GOOG",Google (A shares),"SA, RB, IV",,Steve Symington,7/16/2015,http://www.fool.com/investing/general/2015/07/16/4-questions-for-google-inc-ahead-of-earnings.aspx,RSE,http://www.fool.com/investing/general/2015/07/16/google-inc-stock-pops-on-a-solid-earnings-beat.aspx,BB,
EBAY,eBay,"SA, IV, Options",,Steve Symington,7/16/2015,no,,http://www.fool.com/investing/general/2015/07/16/ebay-incs-pre-separation-earnings-impress.aspx,BB,
PGR,Progressive,IV,,Dan Caplinger,7/17/2015,no,,http://www.fool.com/investing/general/2015/07/17/progressive-puts-its-growth-pedal-to-the-metal.aspx,RSE,
ATHN,Athenahealth,RB,,Keith Speights,7/17/2015,no,,http://www.fool.com/investing/general/2015/07/23/another-big-earnings-beat-for-athenahealth-inc.aspx,BB,
ALV,Autoliv,HG,Industrials,Matt DiLallo,7/17/2015,no,,http://www.fool.com/investing/general/2015/07/17/autoliv-inc-earnings-growth-driven-by-strength-in.aspx,RSE,
IBM,IBM,Options,TechCon,Anders Bylund,7/20/2015,no,,http://www.fool.com/investing/general/2015/07/22/international-business-machines-reports-a-mixed-q2.aspx,RSE,
HAS,Hasbro,"SA, II",TechCon,Beth McKenna,7/20/2015,https://cms.fool.com/dashboard/view/172749/ (AR -- Pls see email re: eds made before pub didn't take (?) -- pls make them before transferring to prem -- thanks!),AR,http://www.fool.com/investing/general/2015/07/20/hasbros-earnings-have-investors-feeling-playful.aspx,RSE,
EDU,New Oriental Education,RB,,Brian Stoffel ,7/20/2015,no,,http://www.fool.com/investing/general/2015/07/23/new-oriental-education-tech-grp-adr-proves-its-gai.aspx,RSE,
CNI,Canadian National Railway,SA,,Jason Hall,7/20/2015,http://www.fool.com/investing/general/2015/07/17/can-canadian-national-railway-company-keep-the-pro.aspx,RSE,http://www.fool.com/investing/general/2015/07/20/canadian-national-railways-earnings-3-key-takeaway.aspx,AR,
ILMN,Illumina,SA,,Keith Speights,7/20/2015,no,,http://www.fool.com/investing/general/2015/07/21/illumina-incs-q2-results-fall-short.aspx?source=itxsitmot0000001&lidx=1,AR,
HAL,Halliburton,IV,Energy,Matt DiLallo,7/20/2015,http://www.fool.com/investing/general/2015/07/16/3-things-to-watch-when-halliburton-reports-earning.aspx ,RSE,http://www.fool.com/investing/general/2015/07/20/halliburton-company-delivers-strong-earnings-despi.aspx,RSE,
AAPL,Apple,"SA, II",TechCon,Andres Cardenal,7/21/2015,http://www.fool.com/investing/general/2015/07/17/apple-earnings-preview-what-you-need-to-know.aspx,RSE,http://www.fool.com/investing/general/2015/07/21/apple-earnings-look-beyond-the-headlines.aspx,AR,
ISRG,Intuitive Surgical,RB,,Brian Stoffel,7/21/2015,http://www.fool.com/investing/general/2015/07/20/3-things-to-watch-as-intuitive-surgical-inc-report.aspx,RSE,http://www.fool.com/investing/general/2015/07/22/intuitive-surgical-inc-just-wowed-wall-street-in-t.aspx,RSE,
WSO,Watsco,SA,,Dan Caplinger,7/21/2015,no,,http://www.fool.com/investing/general/2015/07/21/watsco-earnings-stay-hot-but-some-fear-cooler-time.aspx,RSE,
MANH,Manhattan Associates,HG,,Dan Caplinger,7/21/2015,no,,http://www.fool.com/investing/general/2015/07/21/manhattan-associates-keeps-reaching-toward-record.aspx,AR,
LLTC,Linear Technology,SA,,Dan Caplinger,7/21/2015,no,,http://www.fool.com/investing/general/2015/07/21/linear-technology-earnings-fall-short-as-future-gr.aspx,AR,
FTI,FMC Technologies,RB,,Dan Caplinger,7/21/2015,no,,http://www.fool.com/investing/general/2015/07/21/fmc-technologies-feels-the-pinch-from-the-energy-b.aspx,AR,
TTS,Tile Shop,"RB, HG",,Jason Hall,7/21/2015,http://www.fool.com/investing/general/2015/07/18/will-tile-shop-holdings-solid-first-quarter-carry.aspx,RSE,http://www.fool.com/investing/general/2015/07/21/tile-shop-books-a-solid-quarter-but-stock-falls-he.aspx,AR,
CMG,Chipotle Mexican Grill,"SA, RB, HG",,Jason Hall,7/21/2015,http://www.fool.com/investing/general/2015/07/20/the-key-things-to-look-for-when-chipotle-reports-e.aspx,AR,http://www.fool.com/investing/general/2015/07/21/chipotle-profits-up-27-but-growth-is-slowing-4-key.aspx,AR,
AMTD,TD Ameritrade,IV,Finance,Jason Hall,7/21/2015,no,,http://www.fool.com/investing/general/2015/07/21/td-ameritrade-reports-third-quarter-earnings-2-thi.aspx?source=iaasitlnk0000003,AR,
VZ,Verizon Communications,II,,Joe Tenebruso,7/21/2015,no,,http://www.fool.com/investing/general/2015/07/21/verizon-earnings-shares-slip-after-a-mixed-quarter.aspx,RSE,
MSFT,Microsoft,MDP,,Joe Tenebruso,7/21/2015,http://www.fool.com/investing/general/2015/07/20/microsoft-earnings-3-things-to-watch.aspx,RSE,http://www.fool.com/investing/general/2015/07/21/microsoft-earnings-massive-write-down-leads-to-lar.aspx,RSE,
IBKR,Interactive Brokers,"SA, IV",,Jordan Wathen,7/21/2015,http://www.fool.com/investing/general/2015/07/21/interactive-brokers-books-an-excellent-second-quar.aspx,RSE,http://www.fool.com/investing/general/2015/07/21/interactive-brokers-books-an-excellent-second-quar.aspx,AR,
OMC,Omnicom,II,,Steve Symington,7/21/2015,no,,http://www.fool.com/investing/general/2015/07/21/omnicom-group-inc-stock-falls-despite-solid-earnin.aspx,AR,
IRBT,iRobot,RB,,Steve Symington,7/21/2015,no,,http://www.fool.com/investing/general/2015/07/21/irobot-automates-another-solid-quarter.aspx,AR,
GPRO,GoPro,RB,,Steve Symington,7/21/2015,http://www.fool.com/investing/general/2015/07/20/3-things-to-watch-when-gopro-inc-reports-earnings.aspx,AR,http://www.fool.com/investing/general/2015/07/21/gopro-inc-stocks-falls-after-another-strong-quarte.aspx,AR,
YHOO,Yahoo,RB,,Tim Beyers,7/21/2015,http://www.fool.com/investing/general/2015/07/21/4-things-that-could-push-yahoo-stock-higher-tonigh.aspx,RSE,http://www.fool.com/investing/general/2015/07/22/yahoo-inc-stock-dips-on-earnings-weakness.aspx,AR,
KO,Coca-Cola,"IV, II, Options",TechCon,Asit Sharma,7/22/2015,no,,http://www.fool.com/investing/general/2015/07/22/coca-cola-flexes-its-pricing-muscle.aspx,RSE,
BABY,Natus Medical,HG,Healthcare,Brian Orelli,7/22/2015,no,,http://www.fool.com/investing/general/2015/07/22/natus-medical-this-baby-keeps-growing.aspx,RSE,
QCOM,Qualcomm,"One, II",,Dan Caplinger,7/22/2015,http://www.fool.com/investing/general/2015/07/20/will-qualcomm-earnings-finally-hit-bottom.aspx,RSE,www.fool.com/investing/general/2015/07/22/qualcomm-earnings-get-overshadowed-by-strategic-re.aspx,AR,
AXP,American Express,"IV, Options",,Dan Caplinger,7/22/2015,no,,http://www.fool.com/investing/general/2015/07/22/american-express-strikes-back-at-the-strong-dollar.aspx,AR - IV; RSE - Options,
MKTX,MarketAxess,HG,,Joe Tenebruso,7/22/2015,no,,http://www.fool.com/investing/general/2015/07/22/marketaxess-holdings-inc-earnings-share-gains-driv.aspx,RSE,
ITW,Illinois Tool Works,II,,Lee Samaha,7/22/2015,no,,http://www.fool.com/investing/general/2015/07/22/illinois-tool-works-inc-reports-a-mixed-quarter-ma.aspx,RSE,
CHKP,Check Point Software Technologies,RB,,Lee Samaha,7/22/2015,no,,http://www.fool.com/investing/general/2015/07/22/check-point-software-technologies-ltds-standout-qu.aspx,AR,
MSA,MSA Safety,II,Industrials,Matt DiLallo,7/22/2015,www.fool.com/investing/general/2015/07/20/3-things-to-watch-when-msa-safety-inc-reports-earn.aspx,RSE,http://www.fool.com/investing/general/2015/07/22/premium-msa-safety-inc-earnings-buoyed-by-strong-g.aspx,AR,
CLB,Core Laboratories,SA,Energy,Matt DiLallo,7/22/2015,no,,http://www.fool.com/investing/general/2015/07/22/what-downturn-core-laboratories-nv-earnings-barely.aspx,AR,
PLCM,Polycom,RB,,Steve Symington,7/22/2015,no,,http://www.fool.com/investing/general/2015/07/22/polycom-inc-falls-on-another-mixed-quarter.aspx,AR,
PII,Polaris Industries,SA,,Steve Symington,7/22/2015,too late,,www.fool.com/investing/general/2015/07/22/polaris-industries-inc-falls-after-another-record.aspx,RSE,
DLB,Dolby Laboratories,SA,,Steve Symington,7/22/2015,no,,http://www.fool.com/investing/general/2015/07/22/dolby-laboratories-incs-quarter-loud-earnings-quie.aspx,AR,
INFN,Infinera,"RB, HG",,Tim Beyers,7/22/2015,no,,http://www.fool.com/investing/high-growth/2015/07/22/infinera-boosts-efficiency-profits-in-outrunning-q.aspx,AR,
VMW,VMware,RB,,Timothy Green,7/22/2015,no,,https://cms.fool.com/dashboard/view/173180/,AR,
CRUS,Cirrus Logic,HG,,Timothy Green,7/22/2015,no,,http://www.fool.com/investing/general/2015/07/22/cirrus-logic-reports-strong-first-quarter.aspx,AR,
NDAQ,Nasdaq OMX,SA,TechCon,Asit Sharma,7/23/2015,no,,http://www.fool.com/investing/general/2015/07/23/nasdaq-omx-lays-the-groundwork-for-future-revenue.aspx,RSE,
PAC,Grupo Aeroportuario del Pacifico S.A.B,HG,Industrials,Asit Sharma,7/23/2015,no,,http://www.fool.com/investing/general/2015/07/23/grupo-aeroportuario-del-pacificos-results-bolstere.aspx,LA,
CELG,Celgene,RB,Healthcare,Brian Orelli,7/23/2015,no,,http://www.fool.com/investing/general/2015/07/23/celgene-rolling-along-but-you-already-knew-that.aspx,RSE,
BAX,Baxter International,II,Healthcare,Brian Orelli,7/23/2015,no,,http://www.fool.com/investing/general/2015/07/29/one-last-combined-earnings-release-for-baxter-and.aspx,AR,
TRIP,TripAdvisor,"SA, RB, HG",,Dan Caplinger,7/23/2015,http://www.fool.com/investing/general/2015/07/21/are-tripadvisor-earnings-set-to-soar.aspx,RSE,http://www.fool.com/investing/general/2015/07/23/tripadvisor-tumbles-after-earnings-sink.aspx,BB,
MINI,Mobile Mini,SA,,Dan Caplinger,7/23/2015,no,,http://www.fool.com/investing/general/2015/07/23/mobile-mini-earnings-show-slower-growth-rates.aspx,RSE,
IMAX,Imax,RB,,Dan Caplinger,7/23/2015,http://www.fool.com/investing/general/2015/07/20/imax-looks-to-heat-up-with-summer-growth.aspx,RSE,http://www.fool.com/investing/general/2015/07/23/imax-earnings-show-investors-another-blockbuster-q.aspx,RSE,
FAF,First American Financial,IV,,Dan Caplinger,7/23/2015,no,,http://www.fool.com/investing/general/2015/07/23/first-american-financial-rides-new-housing-boom.aspx,RSE,
DLX,Deluxe,II,,Dan Caplinger,7/23/2015,no,,http://www.fool.com/investing/general/2015/07/23/deluxe-checks-in-with-solid-resul.aspx,RSE,
STAG,Stag Industrial,HG,,Dan Caplinger,7/23/2015,no,,http://www.fool.com/investing/general/2015/07/27/stag-industrial-stock-keeps-slumping-following-ear.aspx,RSE,
UL,Unilever,II,,Demitri Kalogeropoulos,7/23/2015,no,,http://www.fool.com/investing/general/2015/07/23/unilever-plc-earnings-rise-with-help-from-emerging.aspx,RSE,
TNC,Tennant Company,SA,,Demitri Kalogeropoulos,7/23/2015,no,,http://www.fool.com/investing/general/2015/07/23/tennant-company-inc-posts-strong-earnings-despite.aspx,RSE,
UA,Under Armour,"SA, RB, HG",,Jason Hall,7/23/2015,http://www.fool.com/investing/general/2015/07/20/can-under-armour-keep-its-streak-alive.aspx,RSE,http://www.fool.com/investing/general/2015/07/23/under-armour-has-another-record-quarter-but-profit.aspx,RSE,
SBUX,Starbucks,SA,,Jason Hall,7/23/2015,missed deadline,,http://www.fool.com/investing/general/2015/07/23/starbucks-delivers-another-high-test-quarter.aspx,BB,
NUE,Nucor,SA,,Jason Hall,7/23/2015,no,,http://www.fool.com/investing/general/2015/07/23/nucor-beats-earnings-forecast-key-takeaways-from-e.aspx,RSE,
FII,Federated Investors,SA,,Jason Hall,7/23/2015,no,,http://www.fool.com/investing/general/2015/07/23/federated-investments-inc-earnings-money-market-as.aspx,RSE,
BJRI,BJ's Restaurants,SA,,Jason Hall,7/23/2015,no,,http://www.fool.com/investing/general/2015/07/23/bjs-restaurants-earnings-appetizing-profits-but-sa.aspx,RSE,
V,Visa,IV,,Joe Tenebruso,7/23/2015,no,,http://www.fool.com/investing/general/2015/07/23/visa-inc-crushes-wall-streets-earnings-expectation.aspx,RSE,
KMB,Kimberly-Clark,II,,Joe Tenebruso,7/23/2015,no,,http://www.fool.com/investing/general/2015/07/23/kimberly-clark-beats-wall-streets-earnings-estimat.aspx,RSE,
GM,General Motors,IV,Industrials,John Rosevear,7/23/2015,no,,http://www.fool.com/investing/general/2015/07/23/general-motors-earnings-a-big-jump-in-profits.aspx,RSE,
ALGN,Align Technology,RB,,Keith Speights,7/23/2015,no,,http://www.fool.com/investing/general/2015/07/23/align-technology-inc-disappoints-with-q3-outlook.aspx,RSE,
RHI,Robert Half International,SA,,Lee Samaha,7/23/2015,no,,http://www.fool.com/investing/general/2015/07/24/robert-half-international-sees-growth-ahead.aspx,BB,
DASTY,Dassault Systemes S.A.,SA,,Lee Samaha,7/23/2015,no,,http://www.fool.com/investing/general/2015/07/23/4-takeaways-from-dassault-systemes-earnings.aspx,RSE,
SRCL,Stericycle,RB,Industrials,Matt DiLallo,7/23/2015,http://www.fool.com/investing/general/2015/07/22/will-currencies-sully-stericycle-incs-earnings-aga.aspx?source=ihpsitcag0000002&lidx=3,RSE,http://www.fool.com/investing/general/2015/07/23/stericycle-inc-earnings-beat-the-street-despite-a.aspx,LA,
RSG,Republic Services,II,Industrials,Matt DiLallo,7/23/2015,no,,http://www.fool.com/investing/general/2015/07/23/republic-services-inc-cashes-in-on-trash-boosts-di.aspx,RSE,
USLM,U.S. Lime and Minerals,HG,,Matt DiLallo,7/23/2015,no,,http://www.fool.com/investing/general/2015/07/30/united-states-lime-minerals-incs-earnings-slump-as.aspx,RSE,
PRLB,Proto Labs,"RB, Options",,Steve Heller,7/23/2015,http://www.fool.com/investing/general/2015/07/21/proto-labs-inc-earnings-thursday-3-things-to-watch.aspx,RSE,http://www.fool.com/investing/general/2015/07/23/proto-labs-incs-q2-earnings-beats-the-street.aspx,RSE,
P,Pandora Media,RB,,Steve Symington,7/23/2015,missed deadline,,http://www.fool.com/investing/general/2015/07/23/pandora-media-inc-sings-after-a-great-quarter.aspx,LA,
NTGR,Netgear,SA,,Steve Symington,7/23/2015,no,,http://www.fool.com/investing/general/2015/07/23/netgear-inc-soars-on-retail-strength.aspx,RSE,
GNTX,Gentex,II,,Steve Symington,7/23/2015,no,,http://www.fool.com/investing/general/2015/07/23/gentex-corp-earnings-reflect-further-market-penetr.aspx,RSE,
CY,Cypress Semiconductor,RB,,Steve Symington,7/23/2015,no,,http://www.fool.com/investing/general/2015/07/23/cypress-semiconductor-corp-offers-record-earnings.aspx,RSE,
QLIK,Qlik Technologies,RB,,Tim Beyers,7/23/2015,no,,http://www.fool.com/investing/general/2015/07/24/qlik-technologies-gets-a-boost-from-newer-products.aspx,RSE,
N,NetSuite,RB,,Tim Beyers,7/23/2015,no,,http://www.fool.com/investing/high-growth/2015/07/23/at-netsuite-cash-flows-even-if-profits-remain-elus.aspx,RSE,
AMZN,Amazon.com,"SA, IV",TechCon,Andres Cardenal,7/24/2015,http://www.fool.com/investing/general/2015/07/19/can-amazoncom-stock-continue-to-rise-after-earning.aspx,RSE,http://www.fool.com/investing/general/2015/07/23/amazoncom-delivers-a-spectacular-quarter.aspx,LA,
PACB,Pacific Biosciences of California,RB,Healthcare,Brian Orelli,7/24/2015,no,,http://www.fool.com/investing/general/2015/08/05/pacific-biosciences-lumpy-revenue.aspx,AR,
MRH,Montpelier Re,SA,,Dan Caplinger,7/24/2015,no,TAKEOVER COMPLETE WITHOUT REPORT,,,
TRUE,"TrueCar (SPECIAL, PRELIM earnings; Tom OK'd writing this)",RB,TechCon,John Rosevear,7/24/2015,,,http://www.fool.com/investing/general/2015/07/24/truecars-surprise-a-big-second-quarter-loss.aspx,RSE,
FISI,Financial Institutions,II,,Jordan Wathen,7/24/2015,no,,http://www.fool.com/investing/general/2015/07/24/financial-institutions-narrowly-misses-on-earnings.aspx,RSE,
WAB,Westinghouse Air Brake Technologies,"SA, HG",Industrials,Matt DiLallo,7/24/2015,no,,http://www.fool.com/investing/general/2015/07/23/westinghouse-air-brake-technologies-corp-delivers.aspx,RSE,
STON,StoneMor Partners,II,Consumer Goods,Matt DiLallo,7/24/2015,no,,http://www.fool.com/investing/general/2015/08/10/stonemor-partners-lp-cashes-in-on-recent-acquisiti.aspx,RSE,
PEB,Pebblebrook Hotel Trust,HG,Financials,Matt DiLallo,7/24/2015,no,,http://www.fool.com/investing/general/2015/07/23/pebblebrook-hotel-trust-reports-strong-earnings-ev.aspx,BB,
OII,Oceaneering International,SA,Energy,Matt DiLallo,7/24/2015,no,,http://www.fool.com/investing/general/2015/07/22/oceaneering-international-earnings-surpass-expecta.aspx,AR,
SAVE,Spirit Airlines,HG,,Tim Beyers,7/24/2015,no,,http://www.fool.com/investing/high-growth/2015/07/24/spirit-airlines-stock-descends-despite-capacity-ga.aspx,RSE,
QGEN,Qiagen,SA,Healthcare,Brian Orelli,7/27/2015,no,,http://www.fool.com/investing/general/2015/07/30/qiagen-transforming.aspx,RSE,
RPM,RPM International,SA,,Dan Caplinger,7/27/2015,no,,http://www.fool.com/investing/general/2015/07/27/compass-minerals-earnings-soar-on-salt-success.aspx,RSE,
CMP,Compass Minerals,HG,,Dan Caplinger,7/27/2015,no,,http://www.fool.com/investing/general/2015/07/27/compass-minerals-earnings-soar-on-salt-success.aspx,AR,
BIDU,Baidu,RB,,Joe Tenebruso,7/27/2015,http://www.fool.com/investing/general/2015/07/24/baidu-earnings-3-key-drivers-to-watch.aspx,RSE,http://www.fool.com/investing/general/2015/07/27/baiducom-inc-shares-slide-as-third-quarter-guidanc.aspx,AR,
SOHU,Sohu.com,RB,,Rick Munarriz,7/27/2015,no,,http://www.fool.com/investing/general/2015/07/28/sohucom-inc-earnings-searching-for-growth.aspx,RSE,
TWTR,Twitter,RB,TechCon,Andres Cardenal,7/28/2015,http://www.fool.com/investing/general/2015/07/23/twitter-earnings-preview-what-really-matters.aspx,RSE,http://www.fool.com/investing/general/2015/07/28/twitter-earnings-not-enough-user-growth.aspx,AR,
CHRW,C.H. Robinson Worldwide,II,Industrials,Asit Sharma,7/28/2015,no,,http://www.fool.com/investing/general/2015/07/28/ch-robinson-gets-a-boost-from-trucking.aspx,AR,
ULTI,Ultimate Software,RB,,Dan Caplinger,7/28/2015,no,,http://www.fool.com/investing/general/2015/07/28/ultimate-software-sees-another-growth-surge.aspx,AR,
SVU,Supervalu,HG,,Dan Caplinger,7/28/2015,no,,http://www.fool.com/investing/general/2015/07/28/supervalu-soars-on-earnings-growth-spinoff-plans.aspx,RSE,
PNRA,Panera Bread,SA,,Dan Caplinger,7/28/2015,https://cms.fool.com/dashboard/edit/173673/,RSE,http://www.fool.com/investing/general/2015/07/28/panera-stock-overcomes-falling-earnings-soars-on-f.aspx,"AR
",
NATI,National Instruments,SA,,Dan Caplinger,7/28/2015,no,,http://www.fool.com/investing/general/2015/07/28/national-instruments-ekes-out-an-earnings-gain-des.aspx,"AR
",
IPGP,IPG Photonics,RB,,Dan Caplinger,7/28/2015,http://www.fool.com/investing/general/2015/07/24/will-ipg-photonics-earnings-finally-cool-off.aspx,BB,http://www.fool.com/investing/general/2015/07/28/how-ipg-photonics-shot-out-the-lights-this-quarter.aspx,RSE,
CMI,Cummins,SA,,Dan Caplinger,7/28/2015,http://www.fool.com/investing/general/2015/07/24/can-cummins-earnings-stop-its-stocks-long-slide.aspx,RSE,http://www.fool.com/investing/general/2015/07/28/cummins-earnings-keep-climbing-despite-internation.aspx,RSE,
AFL,Aflac,SA,,Dan Caplinger,7/28/2015,no,,http://www.fool.com/investing/general/2015/07/28/aflac-suffers-again-from-the-strong-dollar.aspx,AR,
NUVA,NuVasive,RB,,Dan Caplinger,7/28/2015,no,,http://www.fool.com/investing/general/2015/07/28/nuvasive-earnings-look-healthy-after-solid-results.aspx,AR,
BOOM,Dynamic Materials,HG,,Dan Caplinger,7/28/2015,no,,http://www.fool.com/investing/general/2015/07/28/dynamic-materials-keeps-waiting-for-an-oil-and-gas.aspx,AR,
RPXC,RPX,"HG, IV, Options",,Dan Caplinger,7/28/2015,no,,http://www.fool.com/investing/general/2015/07/28/rpx-looks-forward-to-faster-growth-despite-falling.aspx,AR,
ESRX,Express Scripts,SA,,Daniel Sparks,7/28/2015,http://www.fool.com/investing/general/2015/07/23/express-scripts-holding-company-earnings-what-to-w.aspx,LA,http://www.fool.com/investing/general/2015/07/29/express-scripts-holding-company-posts-solid-q2-ear.aspx,RSE,
STO,Statoil,II,Energy,Isac Simon,7/28/2015,no,,http://www.fool.com/investing/general/2015/07/28/statoil-shows-resilience-despite-earnings-fall.aspx,RSE,
PCAR,Paccar,SA,,Jason Hall,7/28/2015,http://www.fool.com/investing/general/2015/07/24/will-cheap-oil-and-strong-truck-demand-lift-paccar.aspx,RSE,http://www.fool.com/investing/general/2015/07/28/paccar-still-rolling-reports-another-record-quarte.aspx,AR,
F,Ford,"SA, Options",Industrials,John Rosevear,7/28/2015,no,,http://www.fool.com/investing/general/2015/07/28/ford-earnings-profit-second-quarter-2015.aspx,RSE,
DORM,Dorman Products,HG,Industrials,John Rosevear,7/28/2015,no,,http://www.fool.com/investing/general/2015/07/29/dorman-products-misses-estimates-on-weak-sales-gro.aspx,RSE,
OAK,Oaktree Capital,II,Financials,Jordan Wathen,7/28/2015,no,,http://www.fool.com/investing/general/2015/07/28/oaktree-posts-a-weak-second-quarter-but-aum-reache.aspx,RSE,
PCP,Precision Castparts,SA,,Lee Samaha,7/28/2015,no,,http://www.fool.com/investing/general/2015/07/28/precision-castparts-pleases-investors.aspx,AR,
UPS,United Parcel Service,IV,Industrials,Lee Samaha,7/28/2015,no,,http://www.fool.com/investing/general/2015/07/28/united-parcel-service-beats-estimates-in-second-qu.aspx,RSE,
NSH,NuStar GP,II,Energy,Matt DiLallo,7/28/2015,no,,http://www.fool.com/investing/general/2015/07/24/nustar-gp-holdings-llc-earnings-are-steady-its-mlp.aspx,RSE,
NOV,National Oilwell Varco,"SA, IV",Energy,Matt DiLallo,7/28/2015,,,http://www.fool.com/investing/general/2015/07/28/national-oilwell-varco-incs-earnings-improve-on-co.aspx,RSE,
ASR,Grupo Aeroportuario del Sureste,HG,Industrials,Matt DiLallo,7/28/2015,no,,http://www.fool.com/investing/general/2015/07/24/grupo-aeroportuario-del-surestes-earnings-fly-high.aspx,RSE,
ARLP,Alliance Resource Partners,II,Energy,Matt DiLallo,7/28/2015,no,,http://www.fool.com/investing/general/2015/07/28/record-coal-sales-fuel-alliance-resource-partners.aspx,RSE,
GLW,Corning,SA,,Steve Symington,7/28/2015,no,,http://www.fool.com/investing/general/2015/07/28/corning-earnings.aspx,RSE,
YELP,Yelp,RB,,Steve Symington,7/28/2015,no,,http://www.fool.com/investing/general/2015/07/28/why-yelp-inc-is-tumbling-after-a-solid-quarter.aspx,AR,
BWLD,Buffalo Wild Wings,"SA, HG",,Steve Symington,7/28/2015,http://www.fool.com/investing/general/2015/07/24/4-things-to-watch-when-buffalo-wild-wings-reports.aspx,RSE,http://www.fool.com/investing/general/2015/07/28/why-buffalo-wild-wings-popped-despite-bland-earnin.aspx,AR,
MSTR,MicroStrategy,RB,,Tim Beyers,7/28/2015,no,,http://www.fool.com/investing/high-growth/2015/07/27/microstrategy-cuts-costs-boosts-profits-and-cash-f.aspx,AR,
XOOM,Xoom,SA,,Timothy Green,7/28/2015,no,,,,
ORAN,Orange,II,,Anders Bylund,7/29/2015,no,,http://www.fool.com/investing/general/2015/07/28/orange-sa-delivers-juicy-mobile-growth-in-the-seco.aspx,RSE,
SLAB,Silicon Laboratories,SA,,Anders Bylund,7/29/2015,no,,http://www.fool.com/investing/general/2015/07/29/silicon-laboratories-beats-the-street-but-will-mis.aspx,RSE,
RKUS,Ruckus Wireless,RB,,Anders Bylund,7/29/2015,no,,http://www.fool.com/investing/general/2015/07/29/ruckus-wireless-inc-soars-on-terrific-q2-sales.aspx,AR,
EQIX,Equinix,RB,,Anders Bylund,7/29/2015,no,,http://www.fool.com/investing/general/2015/07/29/equinix-inc-delivers-a-classic-beat-and-raise-seco.aspx,AR,
FB,Facebook,"SA, RB, Options",TechCon,Andres Cardenal,7/29/2015,https://cms.fool.com/dashboard/view/173142/,RSE,http://www.fool.com/investing/general/2015/07/29/facebook-earnings-strong-performance-across-the-bo.aspx,AR,
VRTX,Vertex Pharmaceuticals,RB,Healthcare,Brian Orelli,7/29/2015,no,,http://www.fool.com/investing/general/2015/07/29/vertex-pharmaceuticals-rolls-along.aspx,AR,
NCR,NCR,SA,,Chris Neiger,7/29/2015,no,,http://www.fool.com/investing/general/2015/07/29/on-non-cash-charge-ncr-corporation-posts-a-loss.aspx,RSE,
MCK,McKesson,SA,,Dan Caplinger,7/29/2015,no,,http://www.fool.com/investing/general/2015/07/29/mckesson-earnings-shoot-higher-as-2016-prospects-l.aspx,AR,
MANT,ManTech International,HG,,Dan Caplinger,7/29/2015,no,,http://www.fool.com/investing/general/2015/07/29/mantech-international-continues-to-retrench-as-res.aspx,AR,
MA,MasterCard,"SA, IV",,Dan Caplinger,7/29/2015,http://www.fool.com/investing/general/2015/07/27/can-mastercard-earnings-keep-charging-forward.aspx,RSE,http://www.fool.com/investing/general/2015/07/29/mastercard-suffers-a-growth-slowdown.aspx,RSE,
HY,Hyster-Yale Materials Handling,HG,,Dan Caplinger,7/29/2015,no,,http://www.fool.com/investing/general/2015/07/29/hyster-yale-lifts-its-profits-even-as-sales-slump.aspx,AR,
CWT,California Water Service,II,,Dan Caplinger,7/29/2015,no,,http://www.fool.com/investing/general/2015/07/29/california-water-earnings-take-a-hit-from-the-drou.aspx,AR,
WFM,Whole Foods Market,"SA, Options",,Dan Caplinger,7/29/2015,http://www.fool.com/investing/general/2015/07/27/can-whole-foods-market-get-its-growth-back.aspx,RSE,http://www.fool.com/investing/general/2015/07/29/whole-foods-plunges-on-earnings-shortfall-slowing.aspx,AR,
SO,Southern Company,II,,Dan Caplinger,7/29/2015,no,,http://www.fool.com/investing/general/2015/07/29/southern-company-sees-sales-fall-earnings-grow.aspx,RSE,
ANTM,Anthem,IV,,Dan Caplinger,7/29/2015,no,,http://www.fool.com/investing/general/2015/07/29/anthem-earnings-have-never-looked-healthier.aspx,RSE,
SNCR,Synchronoss Technologies,RB,,Dan Caplinger,7/29/2015,no,,https://cms.fool.com/dashboard/view/174234/,RSE,
OTEX,Open Text,"RB, Options",,Dan Caplinger,7/29/2015,no,,http://www.fool.com/investing/general/2015/07/29/opentext-survives-a-tough-quarter-as-shares-soar.aspx,AR,
GRMN,Garmin,Options,TechCon,Daniel Sparks,7/29/2015,http://www.fool.com/investing/general/2015/07/27/garmin-ltd-earnings-what-to-watch.aspx,RSE,http://www.fool.com/investing/general/2015/07/29/garmin-ltd-misses-earnings-expectations-as-fitness.aspx,RSE,
TOT,Total,II,Energy,Isac Simon,7/29/2015,no,,http://www.fool.com/investing/general/2015/07/29/total-beats-estimates-comfortably-by-controlling-c.aspx,RSE,
SCTY,SolarCity,RB,,Jason Hall,7/29/2015,http://www.fool.com/investing/general/2015/07/26/understanding-solarcity-things-to-know-when-earnin.aspx,AR,http://www.fool.com/investing/general/2015/07/29/solarcity-powers-up-another-big-growth-quarter.aspx,AR,
MTH,Meritage Homes,SA,,Jason Hall,7/29/2015,no,,http://www.fool.com/investing/general/2015/07/29/meritage-homes-earnings-huge-order-growth-but-texa.aspx,RSE,
CSGP,CoStar,RB,,Joe Tenebruso,7/29/2015,no,,www.fool.com/investing/general/2015/07/29/costar-group-inc-revenue-rises-as-apartmentscom-in.aspx,AR,
LOCK,LifeLock,RB,,Joe Tenebruso,7/29/2015,no,,http://www.fool.com/investing/general/2015/07/29/lifelock-cuts-guidance-shares-fall.aspx,AR,
JLL,Jones Lang LaSalle,HG,,Lee Samaha,7/29/2015,no,,www.fool.com/investing/general/2015/07/29/premium-jones-lang-lasalle-results-signal-growth.aspx,AR,
UGI,UGI,II,Energy,Matt DiLallo,7/29/2015,no,,http://www.fool.com/investing/general/2015/08/03/warm-weather-cools-off-ugi-corps-earnings.aspx,AR,
OGS,One Gas,II,Energy,Matt DiLallo,7/29/2015,no,,http://www.fool.com/investing/general/2015/07/29/one-gas-inc-earnings-grow-as-new-rates-kick-in.aspx,AR,
ATW,Atwood Oceanics,SA,Energy,Matt DiLallo,7/29/2015,http://www.fool.com/investing/general/2015/07/27/can-atwood-oceanics-inc-defy-the-odds-again-this-q.aspx,RSE,http://www.fool.com/investing/general/2015/07/27/can-atwood-oceanics-inc-defy-the-odds-again-this-q.aspx,AR,
ROIC,Retail Opportunity Investments ,"IV, II",,Steve S. (Jordan Wathen to take post-earnings coverage),7/29/2015,http://www.fool.com/investing/general/2015/07/27/3-earnings-questions-for-retail-opportunity-invest.aspx,AR,http://www.fool.com/investing/general/2015/07/29/rising-rents-buoy-retail-opportunity-investment-co.aspx,AR,
CRI,Carter's,SA,,Steve Symington,7/29/2015,http://www.fool.com/investing/general/2015/07/24/can-carters-inc-extend-its-earnings-streak.aspx,BB,http://www.fool.com/investing/general/2015/07/29/carters-inc-dresses-another-earnings-beat.aspx,RSE,
STRZA,Starz,RB,,Tim Beyers,7/29/2015,no,,http://www.fool.com/investing/general/2015/07/29/dim-q2-results-take-a-toll-on-starz-stock.aspx,RSE,
LFUS,Littelfuse,SA,,Timothy Green,7/29/2015,no,,http://www.fool.com/investing/general/2015/07/29/a-decent-quarter-for-littelfuse.aspx,RSE,
FORM,FormFactor,"HG, Options",,Timothy Green,7/29/2015,no,,www.fool.com/investing/general/2015/07/29/formfactor-inc-reports-a-profitable-quarter.aspx,AR,
EEFT,Euronet Worldwide,RB,,Asit Sharma,7/29/2015,no,,http://www.fool.com/investing/general/2015/08/17/euronet-worldwide-fine-tunes-its-growth-strategy.aspx,AR,
SSNC,SS&C Technologies,RB,,,7/29/2015,no,,,,
WEC,Wisconsin Energy,II,,Tyler Crowe,7/29/2015,no,,www.fool.com/investing/general/2015/08/17/wec-energy-groups-earnings-were-pleasantly-boring.aspx,RSE,
TILE,Interface,RB,,,7/29/2015,no,,,,
SLCA,U.S. Silica,HG,,Tyler Crowe,7/29/2015,no,,,,
SBS,Companhia de Saneamento Basico,II,,Tyler Crowe,7/29/2015,no,,,,
CMPR,Cimpress,RB,TechCon,,7/29/2015,no,,KE: nope; missed,,
NXPI,NXP Semiconductors,RB,,Anders Bylund,7/30/2015,http://www.fool.com/investing/general/2015/07/27/3-things-to-watch-when-nxp-semiconductors-nv-repor.aspx,RSE,http://www.fool.com/investing/general/2015/07/29/nxp-semiconductors-nv-rides-the-internet-of-things.aspx,AR,
NOK,Nokia,Options,TechCon,Anders Bylund,7/30/2015,no,,http://www.fool.com/investing/general/2015/07/30/nokia-corporation-jumps-6-thursday-despite-missing.aspx,BB,
SSYS,Stratasys,"RB, HG",,Beth McKenna,7/30/2015,http://www.fool.com/investing/general/2015/07/28/stratasys-earnings-preview-4-key-areas-to-watch-on.aspx,RSE,http://www.fool.com/investing/general/2015/07/30/stratasys-earnings-results-meet-expectations-but-c.aspx,RSE,
TEVA,Teva Pharmaceutical Industries,II,Healthcare,Brian Orelli,7/30/2015,no,,http://www.fool.com/investing/general/2015/07/30/the-tale-of-two-teva-pharmaceuticals.aspx,BB,
SGEN,Seattle Genetics,RB,Healthcare,Brian Orelli,7/30/2015,no,,http://www.fool.com/investing/general/2015/07/31/still-profitless-in-seattle-genetics.aspx,RSE,
BMRN,BioMarin Pharmaceutical,RB,Healthcare,Brian Orelli,7/30/2015,no,,http://www.fool.com/investing/general/2015/08/03/biomarin-pharmaceuticals-lumpy-sales-strike-again.aspx,AR,
ERJ,Embraer-Empresa Brasileira,SA,,Dan Caplinger,7/30/2015,no,,http://www.fool.com/investing/general/2015/07/30/embraer-loses-altitude-as-defense-prospects-sour.aspx,RSE,
IRDM,Iridium Communications,HG,,Dan Caplinger,7/30/2015,no,,http://www.fool.com/investing/general/2015/07/30/iridium-cuts-its-long-term-outlook-despite-strong.aspx,RSE,
ELLI,Ellie Mae,"RB, HG",,Dan Caplinger,7/30/2015,no,,http://www.fool.com/investing/general/2015/07/30/ellie-mae-blows-the-roof-off-its-mortgage-servic-2.aspx,RSE,
CHEF,The Chefs' Warehouse,HG,,Dan Caplinger,7/30/2015,no,,http://www.fool.com/investing/general/2015/07/30/chefs-warehouse-keeps-its-shareholders-satisfied-f.aspx,BB,
LKQ,LKQ,SA,,Dan Caplinger,7/30/2015,no,,https://cms.fool.com/dashboard/edit/174447/,RSE,
ITC,ITC,SA,,Dan Caplinger,7/30/2015,no,,http://www.fool.com/investing/general/2015/07/30/itc-holdings-charges-up-on-solid-growth-thumb-loop.aspx,LA,
OCN,Ocwen Financial Corp,IV,,Dan Caplinger,7/30/2015,no,,http://www.fool.com/investing/general/2015/07/30/ocwen-financial-takes-an-earnings-hit-but-stays-up.aspx,BB,
TEX,Terex,HG,,Demitri Kalogeropoulos,7/30/2015,no,,http://www.fool.com/investing/general/2015/07/30/terex-corporation-announces-strong-earnings-but-we.aspx,RSE,
UPL,Ultra Petroleum,IV,Energy ,Isac Simon,7/30/2015,no,,http://www.fool.com/investing/general/2015/07/30/ultra-petroleum-braves-challenging-natural-gas-mar.aspx,LA,
EPD,Enterprise Products Partners,II,Energy,Isac Simon,7/30/2015,no,,http://www.fool.com/investing/general/2015/07/30/premium-earnings-enterprise-product-partners-slips.aspx?source=eogyholnk0000001,RSE,
WPRT,Westport Innovations,SA,,Jason Hall,7/30/2015,http://www.fool.com/investing/general/2015/07/28/can-westport-innovations-keep-cutting-costs-turn-s.aspx,RSE,http://www.fool.com/investing/general/2015/07/30/westport-innovations-shows-progress-but-challenges.aspx,RSE,
GTLS,Chart Industries,RB,,Jason Hall,7/30/2015,no,,http://www.fool.com/investing/general/2015/07/30/chart-industries-earnings-beat-expectations-in-a-t.aspx,RSE,
BOFI,BofI Holding,RB,,Jason Hall,7/30/2015,http://www.fool.com/investing/general/2015/07/28/will-bofi-holding-deposit-another-big-quarter.aspx,RSE,http://www.fool.com/investing/general/2015/07/30/bofi-holding-earnings-take-it-to-the-bank.aspx,RSE,
AMRC,Ameresco,SA,,Jason Hall,7/30/2015,no,,http://www.fool.com/investing/general/2015/07/30/has-ameresco-turned-the-corner.aspx,RSE,
PG,Procter & Gamble,"IV, II",,Joe Tenebruso,7/30/2015,no,,http://www.fool.com/investing/general/2015/07/30/procter-gamble-cuts-costs-but-sales-disappoint.aspx,RSE,
IT,Gartner,SA,,Joe Tenebruso,7/30/2015,no,,http://www.fool.com/investing/general/2015/07/30/gartner-inc-earnings-fx-weighs-on-results-but-cont.aspx,RSE,
FEYE,FireEye,SA,,Joe Tenebruso,7/30/2015,no,,http://www.fool.com/investing/general/2015/07/30/fireeye-earnings-results-top-expectations-but-shar.aspx,BB,
ADP,Automatic Data Processing,"IV, II",,Joe Tenebruso,7/30/2015,no,,http://www.fool.com/investing/general/2015/07/30/adp-earnings-fail-to-impress-but-strong-new-busine.aspx,RSE,
DEO,Diageo,"IV, II",,John Rosevear,7/30/2015,no,,http://www.fool.com/investing/general/2015/07/30/diageo-fiscal-2015-earnings-second-quarter.aspx,LA,
GILD,Gilead Sciences,"SA, Options",,Keith Speights,7/30/2015,http://www.fool.com/investing/general/2015/07/24/what-to-expect-from-gilead-sciences-incs-q2-result.aspx,RSE,http://www.fool.com/investing/general/2015/07/28/gilead-sciences-inc-q2-earnings-harvoni-delivers-a.aspx,AR,
TWI,Titan International,HG,,Lee Samaha,7/30/2015,no,,,,
BWA,BorgWarner,SA,,Lee Samaha,7/30/2015,no,,http://www.fool.com/investing/general/2015/07/30/borgwarner-misses-estimates-again-lowers-guidance.aspx,RSE,
HCN,Health Care REIT,II,Financials,Matt DiLallo,7/30/2015,no,,http://www.fool.com/investing/general/2015/08/04/health-care-reit-incs-earnings-are-nothing-to-snee.aspx,RSE,
SZYM,Solazyme,HG,,Maxx Chatsko,7/30/2015,no,,http://www.fool.com/investing/general/2015/07/31/solazyme-earnings-lack-of-details-disappoints-inve.aspx,AR,
LPSN,LivePerson,RB,,Rick Munarriz,7/30/2015,no,,http://www.fool.com/investing/general/2015/07/30/liveperson-inc-earnings-all-good-things-must-die.aspx,RSE,
YNDX,Yandex,RB,,Steve Symington,7/30/2015,no,,http://www.fool.com/investing/general/2015/07/30/yandex-nv-falls-as-ex-tax-growth-decelerates-googl.aspx,BB,
SAM,Boston Beer,"SA, HG",,Steve Symington,7/30/2015,no,,http://www.fool.com/investing/general/2015/07/30/boston-beer-co-inc-bubbles-down-despite-a-deliciou.aspx,BB,
LNKD,LinkedIn,"SA, RB",,Tim Beyers,7/30/2015,http://www.fool.com/investing/general/2015/07/27/4-things-every-linkedin-investor-should-be-watchin.aspx,RSE,http://www.fool.com/investing/high-growth/2015/07/30/linkedin-gets-a-boost-from-lyndacom-as-q2-revenue.aspx,BB,
STMP,Stamps.com,IV,,,7/30/2015,no,,,,
PODD,Insulet,RB,,,7/30/2015,no,,,,
MGRC,McGrath RentCorp,HG,,,7/30/2015,no,,,,
EEP,Enbridge Energy Partners,II,,Tyler Crowe,7/30/2015,no,,www.fool.com/investing/general/2015/08/18/enbridge-energy-partners-headline-earnings-dont-te.aspx,RSE,
IIVI,II-VI,SA,,Anders Bylund,7/31/2015,no,,http://www.fool.com/investing/general/2015/08/04/ii-vi-inc-crushes-q4-targets-then-hits-the-brakes.aspx,RSE,
MNTA,Momenta Pharmaceuticals,RB,Healthcare,Brian Orelli,7/31/2015,no,,http://www.fool.com/investing/general/2015/08/04/momenta-has-momentum.aspx,AR,
IMGN,ImmunoGen,RB,Healthcare,Brian Orelli,7/31/2015,no,,http://www.fool.com/investing/general/2015/07/31/immunogen-back-to-a-development-stage-biotech.aspx,RSE,
IDXX,Idexx Laboratories,SA,Healthcare,Brian Orelli,7/31/2015,no,,http://www.fool.com/investing/general/2015/07/30/an-animal-of-a-quarter-for-idexx.aspx,RSE,
WETF,WisdomTree Investments,SA,,Dan Caplinger,7/31/2015,no,,http://www.fool.com/investing/general/2015/07/31/wisdomtree-sees-green-with-record-sales-earnings.aspx,RSE,
MTZ,MasTec,RB,,Dan Caplinger,7/31/2015,http://www.fool.com/investing/general/2015/07/31/mastec-investors-should-prepare-for-an-earnings-sh.aspx,RSE,earnings delayed; preview filed 7/31,,
HPY,Heartland Payment Systems,HG,,Dan Caplinger,7/31/2015,no,,http://www.fool.com/investing/general/2015/07/31/heartland-payment-systems-rings-up-even-more-profi.aspx,RSE,
MOG-A,Moog,HG,,Dan Caplinger,7/31/2015,no,,http://www.fool.com/investing/general/2015/07/31/moog-earnings-decline-on-weakness-in-aerospace-ind.aspx,RSE,
CVX,Chevron,II,Energy,Isac Simon,7/31/2015,no,,www.fool.com/investing/general/2015/07/31/chevron-corporation-disappoints-with-massive-earni.aspx,RSE,
CBOE,CBOE,SA,,Joe Tenebruso,7/31/2015,no,,http://www.fool.com/investing/general/2015/07/31/cboe-holdings-inc-revenue-tops-expectations-even-a.aspx,RSE,
OA,Orbital ATK,RB,Industrials,Matt DiLallo,7/31/2015,no,,http://www.fool.com/investing/general/2015/08/06/orbital-atk-incs-earnings-soar-above-expectations.aspx,RSE,
GWR,Genesee & Wyoming,"SA, HG",Industrials,Matt DiLallo,7/31/2015,no,,http://www.fool.com/investing/general/2015/08/03/genesee-wyoming-inc-earnings-weighed-down-by-coal.aspx,RSE,
FEIC,FEI,RB,Tech,Matt DiLallo,7/31/2015,no,,http://www.fool.com/investing/general/2015/07/30/fei-company-earnings-hit-a-record-as-margins-expan.aspx,BB,
BLKB,Blackbaud,RB,Tech,Matt DiLallo,7/31/2015,no,,http://www.fool.com/investing/general/2015/07/29/blackbaud-incs-revenue-soars-into-the-cloud.aspx,AR,
AMT,American Tower,RB,Tech,Matt DiLallo,7/31/2015,no,,http://www.fool.com/investing/general/2015/07/29/acquisitions-deliver-strong-earnings-growth-for-am.aspx,RSE,
DGI,DigitalGlobe,RB,,Steve Symington,7/31/2015,no,,http://www.fool.com/investing/general/2015/07/31/why-digitalglobe-inc-dropped-despite-a-strong-q2.aspx,BB,
VEOEY,Veolia Environnement,II,,Brian Stoffel,8/2/2015,no,,http://www.fool.com/investing/general/2015/08/06/veolia-environment-ve-sa-adr-continues-its-turnaro.aspx,RSE,
CTRP,Ctrip.com International,HG,,Brian Stoffel,8/3/2015,no,,http://www.fool.com/investing/general/2015/08/04/ctripcom-international-ltd-adr-earnings-trounce-wa.aspx,RSE,
TXRH,Texas Roadhouse,SA,,Dan Caplinger,8/3/2015,no,,http://www.fool.com/investing/general/2015/08/03/texas-roadhouse-earnings-sink-despite-solid-sales.aspx,AR,
ININ,Interactive Intelligence,RB,,Dan Caplinger,8/3/2015,no,,http://www.fool.com/investing/general/2015/08/03/interactive-intelligence-ekes-out-a-modest-profit.aspx,AR,
PLOW,Douglas Dynamics,II,,Dan Caplinger,8/3/2015,no,,http://www.fool.com/investing/general/2015/08/03/douglas-dynamics-climbs-on-strong-plow-demand-impr.aspx,AR,
L,Loews,IV,,Demitri Kalogeropoulos,8/3/2015,no,,http://www.fool.com/investing/general/2015/08/03/loews-corporations-earnings-drop-on-subsidiarys-84.aspx,RSE,
TREX,Trex,RB,,Jason Hall,8/3/2015,,,http://www.fool.com/investing/general/2015/08/03/trex-co-inc-mr-market-sees-weak-guidance-but-there.aspx,AR,
CGNX,Cognex,SA,Industrials,Lee Samaha,8/3/2015,https://cms.fool.com/dashboard/edit/170918/,RSE,http://www.fool.com/investing/general/2015/08/03/cognex-corporations-guidance-disappoints.aspx,AR,
WTR,Aqua America,II,Energy,Matt DiLallo,8/3/2015,no,,http://www.fool.com/investing/general/2015/08/04/aqua-america-incs-earnings-flow-higher-thanks-to-a.aspx,AR,
D,Dominion Resources,II,Energy,Matt DiLallo,8/3/2015,no,,http://www.fool.com/investing/general/2015/08/05/dominion-resources-inc-generates-high-end-earnings.aspx,RSE,
SNHY,Sun Hydraulics,HG,,John Rosevear,8/3/2015,no,,http://www.fool.com/investing/general/2015/08/14/sun-hydraulics-snhy-q2-second-quarter-2015-earning.aspx,RSE,
TDC,Teradata,SA,,Anders Bylund,8/4/2015,no,,http://www.fool.com/investing/general/2015/08/06/teradata-corporation-botches-the-second-quarter-sh.aspx,RSE,
COH,Coach,"SA, II, Options",TechCon,Andres Cardenal,8/4/2015,http://www.fool.com/investing/general/2015/07/31/coach-earnings-preview-turnaround-in-place.aspx,RSE,http://www.fool.com/investing/general/2015/08/04/coach-earnings-moving-in-the-right-direction.aspx,RSE,
SALE,RetailMeNot,RB,TechCon,Andres Cardenal,8/4/2015,no,,http://www.fool.com/investing/general/2015/08/05/retailmenot-stock-crushed-on-weak-earnings.aspx,RSE,
DIS,Walt Disney,"SA, Options",TechCon,Beth McKenna,8/4/2015,http://www.fool.com/investing/general/2015/08/02/walt-disney-co-earnings-on-tuesday-3-key-areas-to.aspx,AR,http://www.fool.com/investing/general/2015/08/04/walt-disney-co-earnings-the-magic-wand-waves-1-for.aspx?source=eogyholnk0000001,AR,
GHDX,Genomic Health,RB,Healthcare,Brian Orelli,8/4/2015,http://www.fool.com/investing/general/2015/07/31/3-things-to-watch-as-genomic-health-reports-earnin.aspx,BB,http://www.fool.com/investing/general/2015/08/04/still-waiting-for-profitability-at-genomic-health.aspx,AR,
TDG,TransDigm,"SA, HG",,Dan Caplinger,8/4/2015,http://www.fool.com/investing/general/2015/08/03/transdigm-group-earnings-how-high-can-they-fly.aspx,RSE,http://www.fool.com/investing/general/2015/08/04/transdigm-group-boosts-guidance-as-earnings-keep-g.aspx,RSE,
MATX,Matson,HG (SOLD),,Dan Caplinger,8/4/2015,no,,http://www.fool.com/investing/general/2015/08/04/matson-looks-northward-to-find-earnings-revenue-gr.aspx,AR,
DWA,DreamWorks Animation,SA,,Dan Caplinger,8/4/2015,no,,http://www.fool.com/investing/general/2015/08/04/dreamworks-animation-narrows-its-losses-on-booming.aspx,AR,
EPAM,EPAM Systems,HG,,Dan Caplinger,8/4/2015,no,,http://www.fool.com/investing/general/2015/08/04/epam-systems-keeps-delivering-impressive-sales-ear.aspx,AR,
CHUY,Chuy's,HG,,Dan Caplinger,8/4/2015,no,,http://www.fool.com/investing/general/2015/08/04/holy-guacamole-chuys-stock-soars-on-spicy-hot-earn.aspx,AR,
DW,Drew Industries,HG,,Dan Caplinger,8/4/2015,no,,http://www.fool.com/investing/general/2015/08/04/drew-industries-hits-a-speed-bump-on-slower-growth.aspx,RSE,
LF,LeapFrog Enterprises,HG,,Demitri Kalogeropoulos,8/4/2015,no,,http://www.fool.com/investing/general/2015/08/04/leapfrog-enterprises-inc-earnings-sales-profits-an.aspx,AR,
H,Hyatt Hotels,SA,,Demitri Kalogeropoulos,8/4/2015,no,,http://www.fool.com/investing/general/2015/08/04/hyatt-hotels-corporation-earnings-cashing-in-on-us.aspx,RSE,
SNI,Scripps Networks Interactive,SA,,Demitri Kalogeropoulos,8/4/2015,no,,http://www.fool.com/investing/general/2015/08/04/cost-cuts-help-scripps-networks-interactive-incs-e.aspx,RSE,
BAMXF,BMW,SA,Industrials,John Rosevear,8/4/2015,no,,http://www.fool.com/investing/general/2015/08/04/bmw-q2-second-quarter-2015-profits-earnings.aspx,RSE,
CVS,CVS Health,SA,,Keith Speights,8/4/2015,no,,www.fool.com/investing/general/2015/08/04/cvs-health-corporation-reports-solid-q2-results.aspx,RSE,
EMR,Emerson Electric,II,,Lee Samaha,8/4/2015,no,,www.fool.com/investing/general/2015/08/04/emerson-electric-co-continues-to-face-headwinds.aspx,RSE,
RNET,RigNet,RB,Energy,Matt DiLallo,8/4/2015,no,,http://www.fool.com/investing/general/2015/08/04/despite-the-challenging-oil-market-rignet-incs-ear.aspx?source=itxsitmot0000001&lidx=1,AR,
OKS,Oneok Partners,II,Energy,Matt DiLallo,8/4/2015,no,,http://www.fool.com/investing/general/2015/08/04/oneok-and-oneok-partners-earnings-arent-immune-to.aspx,RSE,
OKE,Oneok,II,Energy,Matt DiLallo,8/4/2015,no,,"^^ LA: Erin K. says combined write-up fine; please mark both as ""pri."" (AR: Matt combined these two into one write-up. I have a question out to Tom M. on how to handle this for Premium.)",,
BBEP,BreitBurn Energy Partners,II,Energy,Matt DiLallo,8/4/2015,no,,http://www.fool.com/investing/general/2015/08/06/cost-reductions-drive-breitburn-energy-partners-lp.aspx,RSE,
ZLTQ,Zeltiq Aesthetics,RB,,Rick Munarriz,8/4/2015,no,,http://www.fool.com/investing/general/2015/08/04/zeltiq-aesthetics-earnings-coolsculpting-gets-cool.aspx,RSE,
INVN,InvenSense,RB,,Steve Symington,8/4/2015,http://www.fool.com/investing/general/2015/08/03/3-things-to-watch-when-invensense-inc-reports-earn.aspx,RSE,http://www.fool.com/investing/general/2015/08/04/invensense-inc-moves-higher-on-a-solid-quarter.aspx,AR,
CRTO,Criteo,SA,,Steve Symington,8/4/2015,no,,http://www.fool.com/investing/general/2015/08/04/criteo-markets-another-impressive-beat.aspx,RSE,
Z,Zillow,RB,,Steve Symington,8/4/2015,http://www.fool.com/investing/general/2015/08/01/4-questions-for-zillow-group-inc-ahead-of-earnings.aspx,AR,http://www.fool.com/investing/general/2015/08/04/zillow-group-inc-climbs-the-steps-to-a-great-quart.aspx,AR,
AWAY,HomeAway,"RB, HG",,Tim Beyers,8/4/2015,no,,http://www.fool.com/investing/high-growth/2015/08/04/add-on-sales-help-homeaway-outperform-in-q2.aspx,AR,
ATVI,Activision Blizzard,SA,,Tim Beyers,8/4/2015,https://cms.fool.com/dashboard/view/172878/,RSE,http://www.fool.com/investing/high-growth/2015/08/04/more-gamers-more-gaming-leads-activision-blizzard.aspx,AR,
ZEN,Zendesk,RB,,Timothy Green,8/4/2015,no,,http://www.fool.com/investing/general/2015/08/04/zendesk-reports-strong-growth-and-improving-profit.aspx,"AR
",
GNCMA,General Communication,IV,TechCon,,8/4/2015,no,,,,
AHS,AMN Healthcare Services,HG,,Dan Caplinger,8/4/2015,no,,http://www.fool.com/investing/general/2015/08/10/amn-healthcares-earnings-send-the-stock-soaring.aspx,RSE,
JASN,Jason Industries,HG,,Dan Caplinger,8/4/2015,no,got permission to do late,http://www.fool.com/investing/general/2015/08/14/jason-industries-continues-to-weaken-after-a-slugg.aspx,RSE,
BCPC,Balchem Corp,SA,,John Rosevear,8/4/2015,no,,http://www.fool.com/investing/general/2015/08/14/balchem-q2-second-quarter-2015-earnings-profit-rev.aspx,RSE,
AIRM,Air Methods,SA,,0,8/5/2015,no,,,,
ISIS,Isis Pharmaceuticals,RB,Healthcare,Brian Orelli,8/5/2015,no,,http://www.fool.com/investing/general/2015/08/04/isis-news-filled-week.aspx,AR,
EXEL,Exelixis,RB,Healthcare,Brian Orelli,8/5/2015,no,,http://www.fool.com/investing/general/2015/08/11/exelixis-no-time-to-reminisce.aspx,AR,
EBS,Emergent BioSolutions,RB,Healthcare,Brian Orelli,8/5/2015,no,,http://www.fool.com/investing/general/2015/08/06/a-breakup-at-emergent-biosolutions.aspx,BB,
BLUE,Bluebird Bio,RB,Healthcare,Brian Orelli,8/5/2015,no,,http://www.fool.com/investing/general/2015/08/07/bluebird-bio-updates.aspx,RSE,
ALNY,Alnylam Pharmaceuticals,RB,Healthcare,Brian Orelli,8/5/2015,no,,http://www.fool.com/investing/general/2015/08/06/alnylam-pharmaceuticals-injects-some-bad-news-into.aspx,BB,
MG,Mistras,HG,,Dan Caplinger,8/5/2015,no,,http://www.fool.com/investing/general/2015/08/05/mistras-group-earnings-remain-sluggish-from-energy.aspx,AR,
MELI,MercadoLibre,RB,,Dan Caplinger,8/5/2015,http://www.fool.com/investing/general/2015/08/03/can-mercadolibre-earnings-overcome-latin-american.aspx,RSE,http://www.fool.com/investing/general/2015/08/05/mercadolibre-falls-short-on-earnings-even-as-sales.aspx,AR,
GMCR,Keurig Green Mountain,RB,,Dan Caplinger,8/5/2015,no,,https://cms.fool.com/dashboard/view/175424/,RSE,
PCLN,Priceline,SA,,Dan Caplinger,8/5/2015,http://www.fool.com/investing/general/2015/08/03/priceline-looks-to-go-where-no-one-has-gone-before.aspx,RSE,http://www.fool.com/investing/general/2015/08/05/priceline-stock-hits-all-time-highs-on-solid-earni.aspx,RSE,
CTSH,Cognizant Technology Solutions,SA,,Dan Caplinger,8/5/2015,http://www.fool.com/investing/general/2015/08/03/how-fast-can-cognizant-technology-solutions-earnin.aspx,RSE,http://www.fool.com/investing/general/2015/08/05/cognizant-technology-looks-healthier-than-ever.aspx,RSE,
GHC,Graham Holdings,IV,,Dan Caplinger,8/5/2015,no,,http://www.fool.com/investing/general/2015/08/05/graham-holdings-earnings-keep-moving-forward.aspx,RSE,
TSLA,Tesla Motors,"SA, RB",,Daniel Sparks,8/5/2015,http://www.fool.com/investing/general/2015/07/22/mark-your-calendar-tesla-motors-inc-earnings.aspx?source=iaasitlnk0000003,RSE,http://www.fool.com/investing/general/2015/08/05/tesla-motors-inc-stock-slips-on-lowered-guidance.aspx,AR,
SODA,SodaStream,One,,Demitri Kalogeropoulos,8/5/2015,http://www.fool.com/investing/general/2015/08/03/what-to-watch-in-sodastream-international-ltd-earn.aspx,RSE,http://www.fool.com/investing/general/2015/08/05/rising-carbon-dioxide-sales-cant-save-sodastream-i.aspx,RSE,
DISCK,Discovery Communications,SA,,Demitri Kalogeropoulos,8/5/2015,http://www.fool.com/investing/general/2015/07/31/what-to-watch-in-discovery-communications-incs-ear.aspx,RSE,http://www.fool.com/investing/general/2015/08/05/discovery-communications-earnings-finding-growth-b.aspx,RSE,
CSTE,Caesarstone,SA,,Demitri Kalogeropoulos,8/5/2015,no,,http://www.fool.com/investing/general/2015/08/05/caesarstone-sdot-yam-ltd-earnings-higher-profits-o.aspx,RSE,
SE,Spectra Energy,II,Energy,Isac Simon,8/5/2015,,,http://www.fool.com/investing/general/2015/08/05/spectra-energy-beats-estimates-ambitious-growth-pl.aspx,RSE,
LL,Lumber Liquidators,HG,,Jason Hall,8/5/2015,http://www.fool.com/investing/general/2015/08/02/lumber-liquidators-uncertainty-prevails-with-earni.aspx,AR,http://www.fool.com/investing/general/2015/08/05/did-lumber-liquidators-hit-rock-bottom.aspx,RSE,
CLNE,Clean Energy Fuels,SA,,Jason Hall,8/5/2015,no,,http://www.fool.com/investing/general/2015/08/05/clean-energy-fuels-corp-gross-margins-and-fuel-sal.aspx,SA,
RST,Rosetta Stone,SA,,Jason Hall,8/5/2015,no,,http://www.fool.com/investing/general/2015/08/05/rosetta-stones-change-in-strategy-might-just-be-pa.aspx,AR,
TUMI,Tumi,HG,,John Rosevear,8/5/2015,no,,http://www.fool.com/investing/general/2015/08/05/tumi-second-quarter-q2-2015-earnings-profit.aspx,AR,
DPM,DCP Midstream Partners,II,Energy,Matt DiLallo,8/5/2015,no,,http://www.fool.com/investing/general/2015/08/05/new-projects-fuel-robust-growth-at-dcp-midstream-p.aspx,AR,
ICE,IntercontinentalExchange,RB,Financials,Matt DiLallo,8/5/2015,no,,http://www.fool.com/investing/general/2015/08/05/intercontinental-exchange-inc-continues-its-record.aspx,RSE,
EQC,Equity Commonwealth,IV,Financials,Matt DiLallo,8/5/2015,no,,http://www.fool.com/investing/general/2015/08/05/the-house-cleaning-at-equity-commonwealth-continue.aspx,AR,
DVN,Devon Energy,MDP,Energy,Matt DiLallo,8/5/2015,https://cms.fool.com/dashboard/view/174165/,RSE,http://www.fool.com/investing/general/2015/08/04/crushing-earnings-expectations-devon-energy-corp-c.aspx,RSE,
BIP,Brookfield Infrastructure Partners,HG,Energy,Matt DiLallo,8/5/2015,no,,http://www.fool.com/investing/general/2015/08/05/acquisitions-drive-solid-growth-for-brookfield-inf.aspx,RSE,
DDD,3D Systems,SA,,Steve Heller,8/5/2015,https://cms.fool.com/dashboard/view/174388/,RSE,http://www.fool.com/investing/general/2015/08/06/3d-systems-corporation-earnings-no-major-surprises.aspx,RSE,
MKL,Markel,"SA, IV",,Steve Symington,8/5/2015,http://www.fool.com/investing/general/2015/08/03/what-to-expect-when-markel-corporation-reports.aspx,AR,http://www.fool.com/investing/general/2015/08/05/how-markel-corporation-just-beat-estimates-again.aspx,AR,
XPO,XPO Logistics,SA,,,8/5/2015,no,,,,
WD,Walker & Dunlop,One,,,8/5/2015,,,,,
NXTM,NxStage Medical,RB,,Dan Caplinger,8/6/2015,no,,http://www.fool.com/investing/general/2015/08/10/nxstage-medical-keeps-growing-sees-even-better-tim.aspx,AR,
BPI,Bridgepoint Education,Options,Techcon,Brian Stoffel,8/6/2015,,,http://www.fool.com/investing/general/2015/08/06/bridgepoint-education-inc-continues-its-slow-bleed.aspx,BB,
GNRC,Generac,SA,,Dan Caplinger,8/6/2015,no,,http://www.fool.com/investing/general/2015/08/06/generac-earnings-see-the-lights-go-out.aspx,RSE,
SSTK,Shutterstock,"HG, Options",,Dan Caplinger,8/6/2015,no,,http://www.fool.com/investing/general/2015/08/06/rofin-sinar-earnings-climb-but-slowing-growth-trou.aspx,RSE,
RSTI,Rofin-Sinar Technologies,HG,,Dan Caplinger,8/6/2015,no,,http://www.fool.com/investing/general/2015/08/06/rofin-sinar-earnings-climb-but-slowing-growth-trou.aspx,RSE,
MNST,Monster Beverage,RB,,Dan Caplinger,8/6/2015,https://cms.fool.com/dashboard/edit/175072/,RSE,http://www.fool.com/investing/general/2015/08/06/monster-beverage-fades-on-unenergetic-performance.aspx,BB,
LQDT,Liquidity Services,SA,,Dan Caplinger,8/6/2015,no,,www.fool.com/investing/general/2015/08/06/liquidity-services-struggles-to-regain-its-footing.aspx,RSE,
KORS,Michael Kors,Supernova,,Dan Caplinger,8/6/2015,https://cms.fool.com/dashboard/view/175012/,AR,http://www.fool.com/investing/general/2015/08/06/michael-kors-bounces-back-but-still-has-a-long-way.aspx,RSE,
NUAN,Nuance Communications,"SA, HG",,Dan Caplinger,8/6/2015,www.fool.com/investing/general/2015/08/04/can-nuance-communications-keep-up-its-earnings-mom.aspx,RSE,http://www.fool.com/investing/general/2015/08/06/nuances-latest-report-leaves-investors-speechless.aspx,BB,
ANET,Arista Networks,RB,,Dan Caplinger,8/6/2015,http://www.fool.com/investing/general/2015/08/04/arista-networks-looks-to-keep-climbing-higher.aspx,RSE,http://www.fool.com/investing/general/2015/08/06/cloud-success-sends-arista-networks-skyward.aspx,BB,
CVT,Cvent,RB,,Dan Caplinger,8/6/2015,no,,http://www.fool.com/investing/general/2015/08/07/cvent-gives-investors-another-epic-earnings-perfor.aspx,BB,
PEGA,Pegasystems,SA,,Demitri Kalogeropoulos,8/6/2015,no,,http://www.fool.com/investing/general/2015/08/06/pegasystems-inc-earnings-show-accelerating-sales-g.aspx,RSE,
TRUE,TrueCar,RB,,John Rosevear,8/6/2015,no,,http://www.fool.com/investing/general/2015/08/06/truecar-earnings-ceo-will-depart-after-unexpected.aspx,BB,
CLDX,Celldex Therapeutics,RB,,Keith Speights,8/6/2015,no,,http://www.fool.com/investing/general/2015/08/11/3-key-things-to-know-about-celldex-therapeutics-in.aspx,RSE,
CERN,Cerner,RB,,Keith Speights,8/6/2015,no,,http://www.fool.com/investing/general/2015/08/04/cerner-corporation-disappoints-with-q2-results.aspx,AR,
MMP,Magellan Midstream Partners,II,Energy,Matt DiLallo,8/6/2015,no,,http://www.fool.com/investing/general/2015/08/06/expansion-projects-fuel-magellan-midstream-partner.aspx,RSE,
TGH,Textainer,"HG, II",Industrials,Matt DiLallo,8/6/2015,no,,http://www.fool.com/investing/general/2015/08/04/weak-demand-hits-textainer-group-holdings-limiteds.aspx,RSE,
ENOC,EnerNOC,HG,Energy,Matt DiLallo,8/6/2015,no,,,,
DNOW,NOW Inc.,SA,Energy,Matt DiLallo,8/6/2015,,,http://www.fool.com/investing/general/2015/08/05/challenges-continue-at-now-inc-as-its-loss-expands.aspx,RSE,
ECOL,U.S. Ecology,HG,,Maxx Chatsko,8/6/2015,no,,www.fool.com/investing/general/2015/08/06/us-ecology-solid-second-quarter-results-and-a-surp.aspx,AR,
SWIR,Sierra Wireless,SA,,Steve Symington,8/6/2015,http://www.fool.com/investing/general/2015/08/05/4-things-to-watch-when-sierra-wireless-inc-reports.aspx,RSE,http://www.fool.com/investing/general/2015/08/06/sierra-wireless-inc-short-circuits-after-another-g.aspx,BB,
OLED,Universal Display,RB,,Steve Symington,8/6/2015,http://www.fool.com/investing/general/2015/08/04/4-things-to-watch-when-universal-display-corporati.aspx,"AR
",http://www.fool.com/investing/general/2015/08/06/universal-display-corporation-earnings-you-win-som.aspx,BB,
NVDA,Nvidia,SA,,Tim Beyers,8/6/2015,no,,http://www.fool.com/investing/high-growth/2015/08/06/for-nvidia-strong-q2-growth-puts-tablet-recall-in.aspx,BB,
LGF,Lions Gate Entertainment,SA,,Tim Beyers,8/6/2015,http://www.fool.com/investing/general/2015/07/30/4-things-every-lions-gate-entertainment-corp-inves.aspx,RSE,http://www.fool.com/investing/high-growth/2015/08/06/tame-growth-tanks-lions-gate-stock-after-fiscal-q1.aspx,BB,
AMCX,AMC Networks,RB,,Tim Beyers,8/6/2015,http://www.fool.com/investing/general/2015/07/30/dont-be-afraid-amc-networks-looks-poised-to-produc.aspx,RSE,http://www.fool.com/investing/high-growth/2015/08/06/for-amc-fear-the-walking-dead-just-became-a-lot-mo.aspx,RSE,
SKUL,Skullcandy,HG,,Timothy Green,8/6/2015,no,,http://www.fool.com/investing/general/2015/08/06/skullcandy-raises-guidance-after-mixed-quarter.aspx,BB,
MHLD,Maiden Holdings,II,,John Rosevear,8/6/2015,no,,http://www.fool.com/investing/general/2015/08/14/maiden-holdings-earnings-stall-as-claims-rise.aspx,RSE,
LBTYK,Liberty Global,IV,TechCon,,8/6/2015,no,,,,
JBT,John Bean Technologies,HG,,John Rosevear,8/6/2015,no,,http://www.fool.com/investing/general/2015/08/17/john-bean-technologies-jbt-q2-second-quarter-2015.aspx,RSE,
GEOS,Geospace Technologies,HG,,Tyler Crowe,8/6/2015,no,,www.fool.com/investing/general/2015/08/14/the-oil-market-deals-another-blow-to-geospace-tech.aspx,RSE,
CPA,Copa,"IV, II",,Jason Hall,8/6/2015,no,,http://www.fool.com/investing/general/2015/08/13/copa-holdings-stock-down-13-on-earnings-shortfall.aspx,RSE,
CCU,United Breweries,II,TechCon,John Rosevear,8/6/2015,no,,http://www.fool.com/investing/general/2015/08/17/united-breweries-earnings-good-sales-drove-a-good.aspx,RSE,
POST,Post,SA,,,8/6/2015,no,,,,
ROLL,RBC Bearings,HG,,Dan Caplinger,8/6/2015,no,,http://www.fool.com/investing/general/2015/08/10/rbc-bearings-bounces-back-on-renewed-growth.aspx,RSE,
BID,Sotheby's,HG,,Dan Caplinger,8/7/2015,no,,http://www.fool.com/investing/general/2015/08/07/sothebys-fights-its-own-auction-calendar-posts-dis.aspx,RSE,
DWSN,Dawson Geophysical,HG,,Dan Caplinger,8/7/2015,no,,http://www.fool.com/investing/general/2015/08/07/dawson-geophysical-struggles-on-continued-energy-w.aspx,RSE,
NILE,Blue Nile,"RB, Options",,Demitri Kalogeropoulos,8/7/2015,no,,http://www.fool.com/investing/general/2015/08/07/blue-nile-inc-earnings-balancing-sales-and-profit.aspx,RSE,
WWAV,WhiteWave Foods,SA,,Jason Hall,8/7/2015,no,,http://www.fool.com/investing/general/2015/08/07/did-whitewave-foods-co-beat-or-miss-earnings-heres.aspx,RSE,
ZINC,Horsehead Holding,HG,Industrials,Matt DiLallo,8/7/2015,no,,http://www.fool.com/investing/general/2015/08/07/despite-mooresboro-hiccups-horsehead-holding-corps.aspx,RSE,
HHC,Howard Hughes,HG,Industrials,Matt DiLallo,8/7/2015,no,,http://www.fool.com/investing/general/2015/08/11/weak-oil-prices-impact-howard-hughes-corps-sales.aspx,AR,
UBNT,Ubiquiti Networks,RB,,Tim Beyers,8/7/2015,no,,http://www.fool.com/investing/high-growth/2015/08/07/ubiquiti-networks-stock-falls-despite-strong-guida.aspx,BB,
RAX,Rackspace Hosting,RB,,Tim Beyers,8/7/2015,no,,http://www.fool.com/investing/high-growth/2015/08/10/rackspace-bets-bigger-on-its-future-following-medi.aspx,AR,
SJI,South Jersey Industries,II,,Dan Caplinger,8/7/2015,no,,http://www.fool.com/investing/general/2015/08/13/south-jersey-industries-writes-down-revel-but-rema.aspx,BB,
APEI,American Public Education,HG,,Brian Stoffel,8/10/2015,no,,http://www.fool.com/investing/general/2015/08/11/american-public-education-inc-said-thered-be-day-2.aspx,AR,
PRAA,PRA,"HG, Options",,Dan Caplinger,8/10/2015,http://www.fool.com/investing/general/2015/08/03/will-pra-group-earnings-keep-the-stock-climbing.aspx,RSE,http://www.fool.com/investing/general/2015/08/10/pra-group-falls-back-on-slowing-sales-earnings-gro.aspx,AR,
TTWO,Take-Two Interactive,"RB, HG",,Dan Caplinger,8/10/2015,no,,http://www.fool.com/investing/general/2015/08/10/take-two-interactive-loses-a-life-on-earnings-weak.aspx,AR,
TRAK,Dealertrack Technologies,HG (SOLD),,John Rosevear,8/10/2015,no,,,,
KNDI,Kandi Technologies,RB,,John Rosevear,8/10/2015,no,,http://www.fool.com/investing/general/2015/08/10/kandi-technologies-revenue-jumps-on-electric-car-s.aspx,RSE,Company is being acquired... reporting date appears to be TBD. John R has details if needed.
RCI,Rogers Communications,II,Tech,Matt DiLallo,8/10/2015,no,,http://www.fool.com/investing/general/2015/07/23/rogers-communications-inc-delivers-strong-results.aspx,RSE,
JOBS,51job,RB,,Rick Munarriz,8/10/2015,no,,http://www.fool.com/investing/general/2015/08/10/51job-inc-earnings-sick-leave.aspx,RSE,
XONE,ExOne,RB,,Steve Heller,8/10/2015,http://www.fool.com/investing/general/2015/08/07/exone-co-earnings-on-monday-3-key-areas-to-watch.aspx,RSE,http://www.fool.com/investing/general/2015/08/11/exone-co-earnings-clouded-by-weak-3d-printer-sales.aspx,AR,
QSII,Quality Systems,SA (sold),,Dan Caplinger,8/11/2015,no,reported 7/23,,,
FOSL,Fossil,HG,,Dan Caplinger,8/11/2015,no,,http://www.fool.com/investing/general/2015/08/11/fossil-group-falls-to-5-year-lows-after-lackluster.aspx,AR,
MIDD,Middleby,RB,,Dan Caplinger,8/12/2015,www.fool.com/investing/general/2015/08/10/will-middleby-earnings-keep-the-stock-red-hot.aspx,AR,http://www.fool.com/investing/general/2015/08/12/middleby-disappoints-as-sales-growth-slows-sharply.aspx,AR,
NTES,NetEase.com,RB,,Dan Caplinger,8/12/2015,no,,http://www.fool.com/investing/general/2015/08/12/netease-continues-growing-despite-china-concerns.aspx,AR,
FLO,Flowers Foods,II,,Dan Caplinger,8/12/2015,no,,http://www.fool.com/investing/general/2015/08/12/flowers-foods-gets-a-nice-rise-in-its-latest-resul.aspx,AR,
CSCO,Cisco Systems,II,,Lee Samaha,8/12/2015,no,,http://www.fool.com/investing/general/2015/08/12/premium-cisco-systems-earnings-the-good-news-is-in.aspx,AR,
FTD,FTD Companies,HG,,Demitri Kalogeropoulos,8/13/2015,no,,http://www.fool.com/investing/general/2015/08/13/premium-ftd-companies-inc-earnings-sales-rise-desp.aspx,BB,
JWN,Nordstrom,SA,TechCon,Dan Caplinger,8/13/2015,no,,http://www.fool.com/investing/general/2015/08/13/nordstrom-climbs-on-strong-sales-growth-credit-car.aspx,BB,
DAR,Darling Ingredients,"SA, HG",,Steve Symington,8/13/2015,no,,http://www.fool.com/investing/general/2015/08/13/darling-ingredients-inc-renders-another-earnings-b.aspx,BB,
ENH,Endurance Specialty,SA,Financials,Dan Caplinger (KE put 8/14 as placeholder; it reported 8/3) ,8/14/2015,,,http://www.fool.com/investing/general/2015/08/14/endurance-specialty-posts-solid-results-after-comp.aspx,RSE,
LRN,K12,RB (SOLD),,Brian Stoffel,8/14/2015,no,sold by RB,PREMIUM HAS SOLD LRN,,
SINA,Sina,SA,,Steve Symington,8/18/2015,no,,,,
CRM,Salesforce.com,RB,,Tim Beyers,8/17/2015,no,,,,
URBN,Urban Outfitters,SA,,Timothy Green,8/17/2015,no,,http://www.fool.com/investing/general/2015/08/17/urban-outfitters-reports-mixed-quarter-buoyed-by-b.aspx,AR,
WMT,Wal-Mart,Options,TechCon,Joe Tenebruso,8/18/2015,,,http://www.fool.com/investing/general/2015/08/18/wal-mart-stores-inc-cuts-guidance-shares-fall.aspx,RSE,
HD,Home Depot,IV,TechCon,Lee Samaha,8/18/2015,no,,http://www.fool.com/investing/general/2015/08/18/home-depot-upgrades-guidance.aspx,AR,
WSM,Williams-Sonoma,SA,TechCon,Steve Symington,8/27/2015,no,,,,
HAIN,Hain Celestial,SA,,Jason Hall,8/19/2015,,,http://www.fool.com/investing/general/2015/08/18/hain-celestial-finishes-record-year-as-acquisition.aspx,AR,
PLKI,Popeyes Louisiana Kitchen,HG,TechCon,Steve Symington,8/19/2015,no,,,,
RAVN,Raven Industries,HG,TechCon,Steve Symington,8/20/2015,no,,,,
NDSN,Nordson,One,,Steve Symington,8/20/2015,http://www.fool.com/investing/general/2015/08/17/what-to-expect-when-nordson-corporation-reports-ea.aspx,AR,,,
INTU,Intuit,SA,TechCon,Asit Sharma,8/20/2015,,,,,
BKE,The Buckle,"HG, II",,Daniel Sparks,8/20/2015,no,,,,
HEI,Heico,SA,,Lee Samaha,8/24/2015,no,,,,
TUBE,TubeMogul,RB,,Tim Beyers,8/26/2015,no,,http://www.fool.com/investing/high-growth/2015/08/10/tubemogul-tunes-in-higher-revenue-on-tv-deals.aspx,AR,
GME,GameStop,Options,TechCon,Demitri Kalogeropoulos,8/27/2015,,,,,
VEEV,Veeva Systems,RB,,Brian Stoffel,8/27/2015,no,,,,
ULTA,"Ulta Salon, Cosmetics & Fragrance",SA,,Demitri Kalogeropoulos,8/27/2015,no,,,,
SDRL,Seadrill,SA,,Jason Hall,8/27/2015,no,,,,
MOV,Movado,HG,,Joe Tenebruso,8/27/2015,no,,,,
SPLK,Splunk,RB,,Steve Symington,8/27/2015,no,,,,
BIG,Big Lots,HG,,Demitri Kalogeropoulos,8/28/2015,no,,,,
ZOES,Zoe's Kitchen,RB,,Joe Tenebruso,8/27/2015,,,,,
BNS,Bank of Nova Scotia,II,,,8/28/2015,no,,,,
TLK,Telkom Indonesia,II,TechCon,,8/31/2015,no,,,,
GES,Guess?,"HG, Options",,Dan Caplinger,9/1/2015,no,,,,
AMBA,Ambarella,RB,,Rick Munarriz,9/3/2015,,,,,
PNY,Piedmont Natural Gas Company,II,,Dan Caplinger,9/4/2015,no,,,,
SSL,Sasol,II,,Dan Caplinger,9/7/2015,no,,,,
CASY,Casey's General Stores,SA,,Brian Stoffel,9/8/2015,no,,,,
FIVE,Five Below,"RB, HG",,Dan Caplinger,9/8/2015,no,,,,
LULU,Lululemon Athletica,"RB, HG, Options",,Dan Caplinger,9/9/2015,no,,,,
BKS,Barnes & Noble,Options,TechCon,Rick Munarriz,9/9/2015,,,,,
PANW,Palo Alto Networks,RB,,Steve Symington,9/9/2015,no,,,,
RH,Restoration Hardware,"SA, Options",,Dan Caplinger,9/11/2015,no,,,,
FDS,FactSet Research Systems,RB,,Dan Caplinger,9/15/2015,no,,,,
FDX,FedEx,SA,,Lee Samaha,9/16/2015,no,,,,
ADBE,Adobe Systems,SA,,Steve Symington,9/16/2015,no,,,,
KMX,CarMax,SA,,Dan Caplinger,9/22/2015,,,,,
VRX,Valeant Pharmaceuticals,SA,,Keith Speights,9/22/2015,,,,,
CPRT,Copart,RB,,Jason Hall,9/23/2015,no,,,,
MTN,Vail Resorts,SA,,Dan Caplinger,9/24/2015,no,,,,
ACN,Accenture,"IV, Options",,Anders Bylund,9/25/2015,no,,,,
ZAYO,Zayo,SA,,Dan Caplinger,9/25/2015,no,,,,
COST,Costco Wholesale,SA,,Dan Caplinger,10/1/2015,,,,,
MON,Monsanto,Options,TIME,Dan Caplinger,10/2/2015,,,,,
CHL,China Mobile,II,TechCon,Anders Bylund,10/15/2015,no,,,,
NGG,National Grid,II,,Tyler Crowe,11/10/2015,no,,,,
BRK-B,Berkshire Hathaway,"SA, IV, Options",,Jordan Wathen,Either hours late or different date. Will watch. 7/31/2015,http://www.fool.com/investing/general/2015/07/29/berkshire-hathaway-earnings-a-look-ahead.aspx?source=iaasitlnk0000003,RSE,http://www.fool.com/investing/general/2015/08/07/berkshire-hathaway-operating-earnings-fall-on-back.aspx,BB,
SAFT,Safety Insurance,"SA, II",,Jordan Wathen,I see estimate of 8/5 on NASDAQ. Watching. -- 7/31/2015,no,,http://www.fool.com/investing/general/2015/08/05/record-snow-strikes-safety-insurance-group-again.aspx,AR,
AINV,Apollo Investment,II,,Jordan Wathen,,no,,,,
MKC,McCormick,SA,,Lee Samaha,,no,,,,
AZZ,Azz,HG,,Lee Samaha,,no,,http://www.fool.com/investing/general/2015/07/06/azz-galvanizes-the-market.aspx,Lauren A.,
LUK,Leucadia National,"SA, IV, Options",,,,,,,,
DECK,Deckers Outdoor,HG,TechCon,,,no,,,,
,,,,,,,,,,
,"Last one to leave, turn off the lights... and ""select all"" in the ""writer"" filter :)",,,,,,,,,
,"My, that temporary loss of hundreds of rows was exciting.",,,,,,,,,